max_iter,f1_score
1.0,0.0
10.0,0.0
100.0,0.014705882352941176
1000.0,0.029197080291970802
10000.0,0.029197080291970802
100000.0,0.029197080291970802
